create_date,forecast_date,data_source_marker,network_id,master_network_id,timeslot,impression_type,forecast_impressions
2018-02-28,2018-01-01,R,33,,1,H,378227
2018-02-28,2018-01-01,R,33,,2,H,377058
2018-02-28,2018-01-01,R,33,,3,H,368019
2018-02-28,2018-01-01,R,33,,4,H,348327
2018-02-28,2018-01-01,R,33,,5,H,336000
2018-02-28,2018-01-01,R,33,,6,H,329407
2018-02-28,2018-01-01,R,33,,7,H,314815
2018-02-28,2018-01-01,R,33,,8,H,297914
2018-02-28,2018-01-01,R,33,,9,H,279710
2018-02-28,2018-01-01,R,33,,10,H,261622
2018-02-28,2018-01-01,R,33,,11,H,235808
2018-02-28,2018-01-01,R,33,,12,H,222483
2018-02-28,2018-01-01,R,33,,13,H,212649
2018-02-28,2018-01-01,R,33,,14,H,185572
2018-02-28,2018-01-01,R,33,,15,H,177114
2018-02-28,2018-01-01,R,33,,16,H,149269
2018-02-28,2018-01-01,R,33,,17,H,143242
2018-02-28,2018-01-01,R,33,,18,H,133578
2018-02-28,2018-01-01,R,33,,19,H,124622
2018-02-28,2018-01-01,R,33,,20,H,113909
2018-02-28,2018-01-01,R,33,,21,H,105602
2018-02-28,2018-01-01,R,33,,22,H,97233
2018-02-28,2018-01-01,R,33,,23,H,104089
2018-02-28,2018-01-01,R,33,,24,H,105953
2018-02-28,2018-01-01,R,33,,25,H,93002
2018-02-28,2018-01-01,R,33,,26,H,113687
2018-02-28,2018-01-01,R,33,,27,H,112043
2018-02-28,2018-01-01,R,33,,28,H,117043
2018-02-28,2018-01-01,R,33,,29,H,131966
2018-02-28,2018-01-01,R,33,,30,H,122390
2018-02-28,2018-01-01,R,33,,31,H,148532
2018-02-28,2018-01-01,R,33,,32,H,144302
2018-02-28,2018-01-01,R,33,,33,H,164262
2018-02-28,2018-01-01,R,33,,34,H,165890
2018-02-28,2018-01-01,R,33,,35,H,183380
2018-02-28,2018-01-01,R,33,,36,H,188939
2018-02-28,2018-01-01,R,33,,37,H,185308
2018-02-28,2018-01-01,R,33,,38,H,201078
2018-02-28,2018-01-01,R,33,,39,H,208818
2018-02-28,2018-01-01,R,33,,40,H,210091
2018-02-28,2018-01-01,R,33,,41,H,218051
2018-02-28,2018-01-01,R,33,,42,H,229387
2018-02-28,2018-01-01,R,33,,43,H,230512
2018-02-28,2018-01-01,R,33,,44,H,233027
2018-02-28,2018-01-01,R,33,,45,H,239273
2018-02-28,2018-01-01,R,33,,46,H,241981
2018-02-28,2018-01-01,R,33,,47,H,234034
2018-02-28,2018-01-01,R,33,,48,H,231132
2018-02-28,2018-01-01,R,33,,49,H,231804
2018-02-28,2018-01-01,R,33,,50,H,232784
2018-02-28,2018-01-01,R,33,,51,H,236610
2018-02-28,2018-01-01,R,33,,52,H,235226
2018-02-28,2018-01-01,R,33,,53,H,238703
2018-02-28,2018-01-01,R,33,,54,H,242460
2018-02-28,2018-01-01,R,33,,55,H,257875
2018-02-28,2018-01-01,R,33,,56,H,255072
2018-02-28,2018-01-01,R,33,,57,H,269134
2018-02-28,2018-01-01,R,33,,58,H,283048
2018-02-28,2018-01-01,R,33,,59,H,291587
2018-02-28,2018-01-01,R,33,,60,H,306838
2018-02-28,2018-01-01,R,33,,61,H,311808
2018-02-28,2018-01-01,R,33,,62,H,314818
2018-02-28,2018-01-01,R,33,,63,H,319405
2018-02-28,2018-01-01,R,33,,64,H,304570
2018-02-28,2018-01-01,R,33,,65,H,304663
2018-02-28,2018-01-01,R,33,,66,H,289048
2018-02-28,2018-01-01,R,33,,67,H,286703
2018-02-28,2018-01-01,R,33,,68,H,259561
2018-02-28,2018-01-01,R,33,,69,H,244086
2018-02-28,2018-01-01,R,33,,70,H,245880
2018-02-28,2018-01-01,R,33,,71,H,222414
2018-02-28,2018-01-01,R,33,,72,H,196650
2018-02-28,2018-01-01,R,33,,73,H,191621
2018-02-28,2018-01-01,R,33,,74,H,163712
2018-02-28,2018-01-01,R,33,,75,H,155144
2018-02-28,2018-01-01,R,33,,76,H,150364
2018-02-28,2018-01-01,R,33,,77,H,134026
2018-02-28,2018-01-01,R,33,,78,H,119661
2018-02-28,2018-01-01,R,33,,79,H,124977
2018-02-28,2018-01-01,R,33,,80,H,116622
2018-02-28,2018-01-01,R,33,,81,H,127580
2018-02-28,2018-01-01,R,33,,82,H,153724
2018-02-28,2018-01-01,R,33,,83,H,198785
2018-02-28,2018-01-01,R,33,,84,H,244669
2018-02-28,2018-01-01,R,33,,85,H,306913
2018-02-28,2018-01-01,R,33,,86,H,368142
2018-02-28,2018-01-01,R,33,,87,H,428413
2018-02-28,2018-01-01,R,33,,88,H,497322
2018-02-28,2018-01-01,R,33,,89,H,575642
2018-02-28,2018-01-01,R,33,,90,H,629924
2018-02-28,2018-01-01,R,33,,91,H,704120
2018-02-28,2018-01-01,R,33,,92,H,751602
2018-02-28,2018-01-01,R,33,,93,H,801558
2018-02-28,2018-01-01,R,33,,94,H,855513
2018-02-28,2018-01-01,R,33,,95,H,893682
2018-02-28,2018-01-01,R,33,,96,H,936312
2018-02-28,2018-01-02,R,33,,1,H,937783
2018-02-28,2018-01-02,R,33,,2,H,936781
2018-02-28,2018-01-02,R,33,,3,H,914773
2018-02-28,2018-01-02,R,33,,4,H,886827
2018-02-28,2018-01-02,R,33,,5,H,858786
2018-02-28,2018-01-02,R,33,,6,H,805469
2018-02-28,2018-01-02,R,33,,7,H,757679
2018-02-28,2018-01-02,R,33,,8,H,689288
2018-02-28,2018-01-02,R,33,,9,H,631339
2018-02-28,2018-01-02,R,33,,10,H,558687
2018-02-28,2018-01-02,R,33,,11,H,509942
2018-02-28,2018-01-02,R,33,,12,H,436456
2018-02-28,2018-01-02,R,33,,13,H,366033
2018-02-28,2018-01-02,R,33,,14,H,315688
2018-02-28,2018-01-02,R,33,,15,H,252605
2018-02-28,2018-01-02,R,33,,16,H,198585
2018-02-28,2018-01-02,R,33,,17,H,142749
2018-02-28,2018-01-02,R,33,,18,H,102958
2018-02-28,2018-01-02,R,33,,19,H,64094
2018-02-28,2018-01-02,R,33,,20,H,36579
2018-02-28,2018-01-02,R,33,,21,H,17449
2018-02-28,2018-01-02,R,33,,22,H,-2871
2018-02-28,2018-01-02,R,33,,23,H,-19847
2018-02-28,2018-01-02,R,33,,24,H,-27208
2018-02-28,2018-01-02,R,33,,25,H,-42664
2018-02-28,2018-01-02,R,33,,26,H,-34309
2018-02-28,2018-01-02,R,33,,27,H,-36711
2018-02-28,2018-01-02,R,33,,28,H,-16672
2018-02-28,2018-01-02,R,33,,29,H,-10764
2018-02-28,2018-01-02,R,33,,30,H,1727
2018-02-28,2018-01-02,R,33,,31,H,9536
2018-02-28,2018-01-02,R,33,,32,H,36042
2018-02-28,2018-01-02,R,33,,33,H,57362
2018-02-28,2018-01-02,R,33,,34,H,80041
2018-02-28,2018-01-02,R,33,,35,H,97905
2018-02-28,2018-01-02,R,33,,36,H,116278
2018-02-28,2018-01-02,R,33,,37,H,132734
2018-02-28,2018-01-02,R,33,,38,H,157030
2018-02-28,2018-01-02,R,33,,39,H,172857
2018-02-28,2018-01-02,R,33,,40,H,194843
2018-02-28,2018-01-02,R,33,,41,H,216785
2018-02-28,2018-01-02,R,33,,42,H,225433
2018-02-28,2018-01-02,R,33,,43,H,227057
2018-02-28,2018-01-02,R,33,,44,H,243814
2018-02-28,2018-01-02,R,33,,45,H,259883
2018-02-28,2018-01-02,R,33,,46,H,258913
2018-02-28,2018-01-02,R,33,,47,H,268342
2018-02-28,2018-01-02,R,33,,48,H,253894
2018-02-28,2018-01-02,R,33,,49,H,262046
2018-02-28,2018-01-02,R,33,,50,H,262155
2018-02-28,2018-01-02,R,33,,51,H,257151
2018-02-28,2018-01-02,R,33,,52,H,253013
2018-02-28,2018-01-02,R,33,,53,H,253622
2018-02-28,2018-01-02,R,33,,54,H,241614
2018-02-28,2018-01-02,R,33,,55,H,251358
2018-02-28,2018-01-02,R,33,,56,H,236907
2018-02-28,2018-01-02,R,33,,57,H,242291
2018-02-28,2018-01-02,R,33,,58,H,245938
2018-02-28,2018-01-02,R,33,,59,H,244788
2018-02-28,2018-01-02,R,33,,60,H,242333
2018-02-28,2018-01-02,R,33,,61,H,256556
2018-02-28,2018-01-02,R,33,,62,H,253552
2018-02-28,2018-01-02,R,33,,63,H,259022
2018-02-28,2018-01-02,R,33,,64,H,280854
2018-02-28,2018-01-02,R,33,,65,H,279396
2018-02-28,2018-01-02,R,33,,66,H,293457
2018-02-28,2018-01-02,R,33,,67,H,303394
2018-02-28,2018-01-02,R,33,,68,H,302962
2018-02-28,2018-01-02,R,33,,69,H,307308
2018-02-28,2018-01-02,R,33,,70,H,319691
2018-02-28,2018-01-02,R,33,,71,H,320293
2018-02-28,2018-01-02,R,33,,72,H,331376
2018-02-28,2018-01-02,R,33,,73,H,333153
2018-02-28,2018-01-02,R,33,,74,H,339093
2018-02-28,2018-01-02,R,33,,75,H,351525
2018-02-28,2018-01-02,R,33,,76,H,354377
2018-02-28,2018-01-02,R,33,,77,H,360653
2018-02-28,2018-01-02,R,33,,78,H,359129
2018-02-28,2018-01-02,R,33,,79,H,370385
2018-02-28,2018-01-02,R,33,,80,H,365020
2018-02-28,2018-01-02,R,33,,81,H,365395
2018-02-28,2018-01-02,R,33,,82,H,378229
2018-02-28,2018-01-02,R,33,,83,H,370232
2018-02-28,2018-01-02,R,33,,84,H,378554
2018-02-28,2018-01-02,R,33,,85,H,368686
2018-02-28,2018-01-02,R,33,,86,H,382470
2018-02-28,2018-01-02,R,33,,87,H,374020
2018-02-28,2018-01-02,R,33,,88,H,395817
2018-02-28,2018-01-02,R,33,,89,H,392036
2018-02-28,2018-01-02,R,33,,90,H,398110
2018-02-28,2018-01-02,R,33,,91,H,415103
2018-02-28,2018-01-02,R,33,,92,H,413121
2018-02-28,2018-01-02,R,33,,93,H,416613
2018-02-28,2018-01-02,R,33,,94,H,423003
2018-02-28,2018-01-02,R,33,,95,H,426671
2018-02-28,2018-01-02,R,33,,96,H,433581
2018-02-28,2018-01-03,R,33,,1,H,432367
2018-02-28,2018-01-03,R,33,,2,H,417047
2018-02-28,2018-01-03,R,33,,3,H,411304
2018-02-28,2018-01-03,R,33,,4,H,411704
2018-02-28,2018-01-03,R,33,,5,H,398474
2018-02-28,2018-01-03,R,33,,6,H,386370
2018-02-28,2018-01-03,R,33,,7,H,357671
2018-02-28,2018-01-03,R,33,,8,H,352358
2018-02-28,2018-01-03,R,33,,9,H,322000
2018-02-28,2018-01-03,R,33,,10,H,302719
2018-02-28,2018-01-03,R,33,,11,H,285631
2018-02-28,2018-01-03,R,33,,12,H,257672
2018-02-28,2018-01-03,R,33,,13,H,241606
2018-02-28,2018-01-03,R,33,,14,H,220939
2018-02-28,2018-01-03,R,33,,15,H,202444
2018-02-28,2018-01-03,R,33,,16,H,185723
2018-02-28,2018-01-03,R,33,,17,H,170267
2018-02-28,2018-01-03,R,33,,18,H,152385
2018-02-28,2018-01-03,R,33,,19,H,146464
2018-02-28,2018-01-03,R,33,,20,H,122696
2018-02-28,2018-01-03,R,33,,21,H,113691
2018-02-28,2018-01-03,R,33,,22,H,111058
2018-02-28,2018-01-03,R,33,,23,H,111059
2018-02-28,2018-01-03,R,33,,24,H,95117
2018-02-28,2018-01-03,R,33,,25,H,99015
2018-02-28,2018-01-03,R,33,,26,H,107177
2018-02-28,2018-01-03,R,33,,27,H,93689
2018-02-28,2018-01-03,R,33,,28,H,100173
2018-02-28,2018-01-03,R,33,,29,H,110220
2018-02-28,2018-01-03,R,33,,30,H,107850
2018-02-28,2018-01-03,R,33,,31,H,108668
2018-02-28,2018-01-03,R,33,,32,H,116822
2018-02-28,2018-01-03,R,33,,33,H,117203
2018-02-28,2018-01-03,R,33,,34,H,130933
2018-02-28,2018-01-03,R,33,,35,H,149217
2018-02-28,2018-01-03,R,33,,36,H,142441
2018-02-28,2018-01-03,R,33,,37,H,164131
2018-02-28,2018-01-03,R,33,,38,H,169534
2018-02-28,2018-01-03,R,33,,39,H,167348
2018-02-28,2018-01-03,R,33,,40,H,182013
2018-02-28,2018-01-03,R,33,,41,H,187672
2018-02-28,2018-01-03,R,33,,42,H,194979
2018-02-28,2018-01-03,R,33,,43,H,207538
2018-02-28,2018-01-03,R,33,,44,H,196238
2018-02-28,2018-01-03,R,33,,45,H,213610
2018-02-28,2018-01-03,R,33,,46,H,213065
2018-02-28,2018-01-03,R,33,,47,H,215368
2018-02-28,2018-01-03,R,33,,48,H,223054
2018-02-28,2018-01-03,R,33,,49,H,211274
2018-02-28,2018-01-03,R,33,,50,H,207617
2018-02-28,2018-01-03,R,33,,51,H,220270
2018-02-28,2018-01-03,R,33,,52,H,205507
2018-02-28,2018-01-03,R,33,,53,H,216324
2018-02-28,2018-01-03,R,33,,54,H,207493
2018-02-28,2018-01-03,R,33,,55,H,207323
2018-02-28,2018-01-03,R,33,,56,H,210128
2018-02-28,2018-01-03,R,33,,57,H,215230
2018-02-28,2018-01-03,R,33,,58,H,218467
2018-02-28,2018-01-03,R,33,,59,H,222521
2018-02-28,2018-01-03,R,33,,60,H,234727
2018-02-28,2018-01-03,R,33,,61,H,247950
2018-02-28,2018-01-03,R,33,,62,H,249864
2018-02-28,2018-01-03,R,33,,63,H,259650
2018-02-28,2018-01-03,R,33,,64,H,262474
2018-02-28,2018-01-03,R,33,,65,H,267989
2018-02-28,2018-01-03,R,33,,66,H,293789
2018-02-28,2018-01-03,R,33,,67,H,286353
2018-02-28,2018-01-03,R,33,,68,H,314254
2018-02-28,2018-01-03,R,33,,69,H,312923
2018-02-28,2018-01-03,R,33,,70,H,324598
2018-02-28,2018-01-03,R,33,,71,H,328934
2018-02-28,2018-01-03,R,33,,72,H,336009
2018-02-28,2018-01-03,R,33,,73,H,358671
2018-02-28,2018-01-03,R,33,,74,H,369249
2018-02-28,2018-01-03,R,33,,75,H,368696
2018-02-28,2018-01-03,R,33,,76,H,376421
2018-02-28,2018-01-03,R,33,,77,H,401208
2018-02-28,2018-01-03,R,33,,78,H,404936
2018-02-28,2018-01-03,R,33,,79,H,424411
2018-02-28,2018-01-03,R,33,,80,H,435285
2018-02-28,2018-01-03,R,33,,81,H,447151
2018-02-28,2018-01-03,R,33,,82,H,461640
2018-02-28,2018-01-03,R,33,,83,H,464575
2018-02-28,2018-01-03,R,33,,84,H,481707
2018-02-28,2018-01-03,R,33,,85,H,480752
2018-02-28,2018-01-03,R,33,,86,H,495514
2018-02-28,2018-01-03,R,33,,87,H,495125
2018-02-28,2018-01-03,R,33,,88,H,512521
2018-02-28,2018-01-03,R,33,,89,H,520789
2018-02-28,2018-01-03,R,33,,90,H,519287
2018-02-28,2018-01-03,R,33,,91,H,523479
2018-02-28,2018-01-03,R,33,,92,H,524250
2018-02-28,2018-01-03,R,33,,93,H,517630
2018-02-28,2018-01-03,R,33,,94,H,521179
2018-02-28,2018-01-03,R,33,,95,H,512463
2018-02-28,2018-01-03,R,33,,96,H,508973
2018-02-28,2018-01-04,R,33,,1,H,487980
2018-02-28,2018-01-04,R,33,,2,H,487975
2018-02-28,2018-01-04,R,33,,3,H,460801
2018-02-28,2018-01-04,R,33,,4,H,452554
2018-02-28,2018-01-04,R,33,,5,H,427960
2018-02-28,2018-01-04,R,33,,6,H,406939
2018-02-28,2018-01-04,R,33,,7,H,383237
2018-02-28,2018-01-04,R,33,,8,H,368168
2018-02-28,2018-01-04,R,33,,9,H,331211
2018-02-28,2018-01-04,R,33,,10,H,300660
2018-02-28,2018-01-04,R,33,,11,H,279560
2018-02-28,2018-01-04,R,33,,12,H,253319
2018-02-28,2018-01-04,R,33,,13,H,233697
2018-02-28,2018-01-04,R,33,,14,H,210235
2018-02-28,2018-01-04,R,33,,15,H,197107
2018-02-28,2018-01-04,R,33,,16,H,163630
2018-02-28,2018-01-04,R,33,,17,H,154993
2018-02-28,2018-01-04,R,33,,18,H,144829
2018-02-28,2018-01-04,R,33,,19,H,131302
2018-02-28,2018-01-04,R,33,,20,H,113236
2018-02-28,2018-01-04,R,33,,21,H,104025
2018-02-28,2018-01-04,R,33,,22,H,98831
2018-02-28,2018-01-04,R,33,,23,H,103226
2018-02-28,2018-01-04,R,33,,24,H,93469
2018-02-28,2018-01-04,R,33,,25,H,87741
2018-02-28,2018-01-04,R,33,,26,H,94556
2018-02-28,2018-01-04,R,33,,27,H,90231
2018-02-28,2018-01-04,R,33,,28,H,102734
2018-02-28,2018-01-04,R,33,,29,H,102815
2018-02-28,2018-01-04,R,33,,30,H,102965
2018-02-28,2018-01-04,R,33,,31,H,122769
2018-02-28,2018-01-04,R,33,,32,H,133011
2018-02-28,2018-01-04,R,33,,33,H,133904
2018-02-28,2018-01-04,R,33,,34,H,136826
2018-02-28,2018-01-04,R,33,,35,H,148923
2018-02-28,2018-01-04,R,33,,36,H,158976
2018-02-28,2018-01-04,R,33,,37,H,166702
2018-02-28,2018-01-04,R,33,,38,H,187136
2018-02-28,2018-01-04,R,33,,39,H,188660
2018-02-28,2018-01-04,R,33,,40,H,185020
2018-02-28,2018-01-04,R,33,,41,H,202787
2018-02-28,2018-01-04,R,33,,42,H,203857
2018-02-28,2018-01-04,R,33,,43,H,207782
2018-02-28,2018-01-04,R,33,,44,H,206673
2018-02-28,2018-01-04,R,33,,45,H,219345
2018-02-28,2018-01-04,R,33,,46,H,217487
2018-02-28,2018-01-04,R,33,,47,H,218097
2018-02-28,2018-01-04,R,33,,48,H,227742
2018-02-28,2018-01-04,R,33,,49,H,222013
2018-02-28,2018-01-04,R,33,,50,H,221786
2018-02-28,2018-01-04,R,33,,51,H,206173
2018-02-28,2018-01-04,R,33,,52,H,219060
2018-02-28,2018-01-04,R,33,,53,H,203862
2018-02-28,2018-01-04,R,33,,54,H,202418
2018-02-28,2018-01-04,R,33,,55,H,202392
2018-02-28,2018-01-04,R,33,,56,H,211217
2018-02-28,2018-01-04,R,33,,57,H,213181
2018-02-28,2018-01-04,R,33,,58,H,219967
2018-02-28,2018-01-04,R,33,,59,H,225302
2018-02-28,2018-01-04,R,33,,60,H,226992
2018-02-28,2018-01-04,R,33,,61,H,226566
2018-02-28,2018-01-04,R,33,,62,H,237266
2018-02-28,2018-01-04,R,33,,63,H,247501
2018-02-28,2018-01-04,R,33,,64,H,261588
2018-02-28,2018-01-04,R,33,,65,H,256439
2018-02-28,2018-01-04,R,33,,66,H,265457
2018-02-28,2018-01-04,R,33,,67,H,274100
2018-02-28,2018-01-04,R,33,,68,H,279321
2018-02-28,2018-01-04,R,33,,69,H,297342
2018-02-28,2018-01-04,R,33,,70,H,295948
2018-02-28,2018-01-04,R,33,,71,H,313039
2018-02-28,2018-01-04,R,33,,72,H,324007
2018-02-28,2018-01-04,R,33,,73,H,334457
2018-02-28,2018-01-04,R,33,,74,H,349849
2018-02-28,2018-01-04,R,33,,75,H,361465
2018-02-28,2018-01-04,R,33,,76,H,377487
2018-02-28,2018-01-04,R,33,,77,H,387471
2018-02-28,2018-01-04,R,33,,78,H,416124
2018-02-28,2018-01-04,R,33,,79,H,417551
2018-02-28,2018-01-04,R,33,,80,H,439377
2018-02-28,2018-01-04,R,33,,81,H,454024
2018-02-28,2018-01-04,R,33,,82,H,468706
2018-02-28,2018-01-04,R,33,,83,H,493353
2018-02-28,2018-01-04,R,33,,84,H,504580
2018-02-28,2018-01-04,R,33,,85,H,530557
2018-02-28,2018-01-04,R,33,,86,H,539363
2018-02-28,2018-01-04,R,33,,87,H,552001
2018-02-28,2018-01-04,R,33,,88,H,562625
2018-02-28,2018-01-04,R,33,,89,H,579001
2018-02-28,2018-01-04,R,33,,90,H,592768
2018-02-28,2018-01-04,R,33,,91,H,597043
2018-02-28,2018-01-04,R,33,,92,H,592521
2018-02-28,2018-01-04,R,33,,93,H,581957
2018-02-28,2018-01-04,R,33,,94,H,583518
2018-02-28,2018-01-04,R,33,,95,H,566732
2018-02-28,2018-01-04,R,33,,96,H,560580
2018-02-28,2018-01-05,R,33,,1,H,552061
2018-02-28,2018-01-05,R,33,,2,H,545240
2018-02-28,2018-01-05,R,33,,3,H,523615
2018-02-28,2018-01-05,R,33,,4,H,508415
2018-02-28,2018-01-05,R,33,,5,H,479933
2018-02-28,2018-01-05,R,33,,6,H,455847
2018-02-28,2018-01-05,R,33,,7,H,436019
2018-02-28,2018-01-05,R,33,,8,H,402677
2018-02-28,2018-01-05,R,33,,9,H,372165
2018-02-28,2018-01-05,R,33,,10,H,339926
2018-02-28,2018-01-05,R,33,,11,H,316187
2018-02-28,2018-01-05,R,33,,12,H,275573
2018-02-28,2018-01-05,R,33,,13,H,249264
2018-02-28,2018-01-05,R,33,,14,H,211116
2018-02-28,2018-01-05,R,33,,15,H,192124
2018-02-28,2018-01-05,R,33,,16,H,167580
2018-02-28,2018-01-05,R,33,,17,H,154137
2018-02-28,2018-01-05,R,33,,18,H,138373
2018-02-28,2018-01-05,R,33,,19,H,113023
2018-02-28,2018-01-05,R,33,,20,H,95623
2018-02-28,2018-01-05,R,33,,21,H,88747
2018-02-28,2018-01-05,R,33,,22,H,80510
2018-02-28,2018-01-05,R,33,,23,H,72402
2018-02-28,2018-01-05,R,33,,24,H,72951
2018-02-28,2018-01-05,R,33,,25,H,66811
2018-02-28,2018-01-05,R,33,,26,H,79806
2018-02-28,2018-01-05,R,33,,27,H,84305
2018-02-28,2018-01-05,R,33,,28,H,79791
2018-02-28,2018-01-05,R,33,,29,H,91033
2018-02-28,2018-01-05,R,33,,30,H,99590
2018-02-28,2018-01-05,R,33,,31,H,103748
2018-02-28,2018-01-05,R,33,,32,H,116547
2018-02-28,2018-01-05,R,33,,33,H,129187
2018-02-28,2018-01-05,R,33,,34,H,137563
2018-02-28,2018-01-05,R,33,,35,H,149800
2018-02-28,2018-01-05,R,33,,36,H,151264
2018-02-28,2018-01-05,R,33,,37,H,171640
2018-02-28,2018-01-05,R,33,,38,H,176180
2018-02-28,2018-01-05,R,33,,39,H,193424
2018-02-28,2018-01-05,R,33,,40,H,195715
2018-02-28,2018-01-05,R,33,,41,H,207472
2018-02-28,2018-01-05,R,33,,42,H,208613
2018-02-28,2018-01-05,R,33,,43,H,208975
2018-02-28,2018-01-05,R,33,,44,H,221523
2018-02-28,2018-01-05,R,33,,45,H,227776
2018-02-28,2018-01-05,R,33,,46,H,229867
2018-02-28,2018-01-05,R,33,,47,H,239836
2018-02-28,2018-01-05,R,33,,48,H,222515
2018-02-28,2018-01-05,R,33,,49,H,237109
2018-02-28,2018-01-05,R,33,,50,H,223675
2018-02-28,2018-01-05,R,33,,51,H,226334
2018-02-28,2018-01-05,R,33,,52,H,217421
2018-02-28,2018-01-05,R,33,,53,H,232589
2018-02-28,2018-01-05,R,33,,54,H,228042
2018-02-28,2018-01-05,R,33,,55,H,230549
2018-02-28,2018-01-05,R,33,,56,H,232413
2018-02-28,2018-01-05,R,33,,57,H,251565
2018-02-28,2018-01-05,R,33,,58,H,247313
2018-02-28,2018-01-05,R,33,,59,H,262197
2018-02-28,2018-01-05,R,33,,60,H,261238
2018-02-28,2018-01-05,R,33,,61,H,272325
2018-02-28,2018-01-05,R,33,,62,H,291725
2018-02-28,2018-01-05,R,33,,63,H,306171
2018-02-28,2018-01-05,R,33,,64,H,318155
2018-02-28,2018-01-05,R,33,,65,H,320287
2018-02-28,2018-01-05,R,33,,66,H,343737
2018-02-28,2018-01-05,R,33,,67,H,350775
2018-02-28,2018-01-05,R,33,,68,H,365867
2018-02-28,2018-01-05,R,33,,69,H,389703
2018-02-28,2018-01-05,R,33,,70,H,387324
2018-02-28,2018-01-05,R,33,,71,H,405838
2018-02-28,2018-01-05,R,33,,72,H,420818
2018-02-28,2018-01-05,R,33,,73,H,429153
2018-02-28,2018-01-05,R,33,,74,H,451686
2018-02-28,2018-01-05,R,33,,75,H,451321
2018-02-28,2018-01-05,R,33,,76,H,468872
2018-02-28,2018-01-05,R,33,,77,H,469539
2018-02-28,2018-01-05,R,33,,78,H,486464
2018-02-28,2018-01-05,R,33,,79,H,491806
2018-02-28,2018-01-05,R,33,,80,H,486474
2018-02-28,2018-01-05,R,33,,81,H,507343
2018-02-28,2018-01-05,R,33,,82,H,518889
2018-02-28,2018-01-05,R,33,,83,H,536353
2018-02-28,2018-01-05,R,33,,84,H,543571
2018-02-28,2018-01-05,R,33,,85,H,565036
2018-02-28,2018-01-05,R,33,,86,H,596433
2018-02-28,2018-01-05,R,33,,87,H,607439
2018-02-28,2018-01-05,R,33,,88,H,639260
2018-02-28,2018-01-05,R,33,,89,H,664846
2018-02-28,2018-01-05,R,33,,90,H,695671
2018-02-28,2018-01-05,R,33,,91,H,704009
2018-02-28,2018-01-05,R,33,,92,H,717116
2018-02-28,2018-01-05,R,33,,93,H,743907
2018-02-28,2018-01-05,R,33,,94,H,754193
2018-02-28,2018-01-05,R,33,,95,H,744545
2018-02-28,2018-01-05,R,33,,96,H,767683
2018-02-28,2018-01-06,R,33,,1,H,768352
2018-02-28,2018-01-06,R,33,,2,H,755944
2018-02-28,2018-01-06,R,33,,3,H,725605
2018-02-28,2018-01-06,R,33,,4,H,713834
2018-02-28,2018-01-06,R,33,,5,H,680391
2018-02-28,2018-01-06,R,33,,6,H,643893
2018-02-28,2018-01-06,R,33,,7,H,607670
2018-02-28,2018-01-06,R,33,,8,H,575675
2018-02-28,2018-01-06,R,33,,9,H,513933
2018-02-28,2018-01-06,R,33,,10,H,479611
2018-02-28,2018-01-06,R,33,,11,H,430011
2018-02-28,2018-01-06,R,33,,12,H,381883
2018-02-28,2018-01-06,R,33,,13,H,338882
2018-02-28,2018-01-06,R,33,,14,H,300394
2018-02-28,2018-01-06,R,33,,15,H,259547
2018-02-28,2018-01-06,R,33,,16,H,213544
2018-02-28,2018-01-06,R,33,,17,H,184833
2018-02-28,2018-01-06,R,33,,18,H,157002
2018-02-28,2018-01-06,R,33,,19,H,129254
2018-02-28,2018-01-06,R,33,,20,H,92830
2018-02-28,2018-01-06,R,33,,21,H,77072
2018-02-28,2018-01-06,R,33,,22,H,60158
2018-02-28,2018-01-06,R,33,,23,H,56448
2018-02-28,2018-01-06,R,33,,24,H,54989
2018-02-28,2018-01-06,R,33,,25,H,45941
2018-02-28,2018-01-06,R,33,,26,H,42651
2018-02-28,2018-01-06,R,33,,27,H,39114
2018-02-28,2018-01-06,R,33,,28,H,51991
2018-02-28,2018-01-06,R,33,,29,H,64807
2018-02-28,2018-01-06,R,33,,30,H,64746
2018-02-28,2018-01-06,R,33,,31,H,72797
2018-02-28,2018-01-06,R,33,,32,H,96396
2018-02-28,2018-01-06,R,33,,33,H,103315
2018-02-28,2018-01-06,R,33,,34,H,119636
2018-02-28,2018-01-06,R,33,,35,H,125599
2018-02-28,2018-01-06,R,33,,36,H,153912
2018-02-28,2018-01-06,R,33,,37,H,156943
2018-02-28,2018-01-06,R,33,,38,H,180747
2018-02-28,2018-01-06,R,33,,39,H,187518
2018-02-28,2018-01-06,R,33,,40,H,207322
2018-02-28,2018-01-06,R,33,,41,H,211727
2018-02-28,2018-01-06,R,33,,42,H,225075
2018-02-28,2018-01-06,R,33,,43,H,243464
2018-02-28,2018-01-06,R,33,,44,H,242415
2018-02-28,2018-01-06,R,33,,45,H,264777
2018-02-28,2018-01-06,R,33,,46,H,269441
2018-02-28,2018-01-06,R,33,,47,H,276839
2018-02-28,2018-01-06,R,33,,48,H,275235
2018-02-28,2018-01-06,R,33,,49,H,277415
2018-02-28,2018-01-06,R,33,,50,H,285433
2018-02-28,2018-01-06,R,33,,51,H,303204
2018-02-28,2018-01-06,R,33,,52,H,311113
2018-02-28,2018-01-06,R,33,,53,H,323897
2018-02-28,2018-01-06,R,33,,54,H,339608
2018-02-28,2018-01-06,R,33,,55,H,351115
2018-02-28,2018-01-06,R,33,,56,H,377443
2018-02-28,2018-01-06,R,33,,57,H,379512
2018-02-28,2018-01-06,R,33,,58,H,397406
2018-02-28,2018-01-06,R,33,,59,H,418648
2018-02-28,2018-01-06,R,33,,60,H,424750
2018-02-28,2018-01-06,R,33,,61,H,444109
2018-02-28,2018-01-06,R,33,,62,H,462727
2018-02-28,2018-01-06,R,33,,63,H,475102
2018-02-28,2018-01-06,R,33,,64,H,490643
2018-02-28,2018-01-06,R,33,,65,H,504417
2018-02-28,2018-01-06,R,33,,66,H,513068
2018-02-28,2018-01-06,R,33,,67,H,539099
2018-02-28,2018-01-06,R,33,,68,H,565141
2018-02-28,2018-01-06,R,33,,69,H,583044
2018-02-28,2018-01-06,R,33,,70,H,608430
2018-02-28,2018-01-06,R,33,,71,H,629697
2018-02-28,2018-01-06,R,33,,72,H,668553
2018-02-28,2018-01-06,R,33,,73,H,676949
2018-02-28,2018-01-06,R,33,,74,H,696297
2018-02-28,2018-01-06,R,33,,75,H,721944
2018-02-28,2018-01-06,R,33,,76,H,744254
2018-02-28,2018-01-06,R,33,,77,H,768502
2018-02-28,2018-01-06,R,33,,78,H,794538
2018-02-28,2018-01-06,R,33,,79,H,798879
2018-02-28,2018-01-06,R,33,,80,H,812705
2018-02-28,2018-01-06,R,33,,81,H,814488
2018-02-28,2018-01-06,R,33,,82,H,825224
2018-02-28,2018-01-06,R,33,,83,H,846356
2018-02-28,2018-01-06,R,33,,84,H,849358
2018-02-28,2018-01-06,R,33,,85,H,857148
2018-02-28,2018-01-06,R,33,,86,H,862247
2018-02-28,2018-01-06,R,33,,87,H,880165
2018-02-28,2018-01-06,R,33,,88,H,872189
2018-02-28,2018-01-06,R,33,,89,H,878586
2018-02-28,2018-01-06,R,33,,90,H,889130
2018-02-28,2018-01-06,R,33,,91,H,893829
2018-02-28,2018-01-06,R,33,,92,H,895092
2018-02-28,2018-01-06,R,33,,93,H,897516
2018-02-28,2018-01-06,R,33,,94,H,895570
2018-02-28,2018-01-06,R,33,,95,H,896586
2018-02-28,2018-01-06,R,33,,96,H,885581
2018-02-28,2018-01-07,R,33,,1,H,861294
2018-02-28,2018-01-07,R,33,,2,H,824362
2018-02-28,2018-01-07,R,33,,3,H,789182
2018-02-28,2018-01-07,R,33,,4,H,758461
2018-02-28,2018-01-07,R,33,,5,H,719903
2018-02-28,2018-01-07,R,33,,6,H,667289
2018-02-28,2018-01-07,R,33,,7,H,624748
2018-02-28,2018-01-07,R,33,,8,H,569066
2018-02-28,2018-01-07,R,33,,9,H,511684
2018-02-28,2018-01-07,R,33,,10,H,463651
2018-02-28,2018-01-07,R,33,,11,H,417333
2018-02-28,2018-01-07,R,33,,12,H,364718
2018-02-28,2018-01-07,R,33,,13,H,314743
2018-02-28,2018-01-07,R,33,,14,H,261871
2018-02-28,2018-01-07,R,33,,15,H,217426
2018-02-28,2018-01-07,R,33,,16,H,189650
2018-02-28,2018-01-07,R,33,,17,H,146357
2018-02-28,2018-01-07,R,33,,18,H,118528
2018-02-28,2018-01-07,R,33,,19,H,90613
2018-02-28,2018-01-07,R,33,,20,H,78900
2018-02-28,2018-01-07,R,33,,21,H,52898
2018-02-28,2018-01-07,R,33,,22,H,47129
2018-02-28,2018-01-07,R,33,,23,H,29453
2018-02-28,2018-01-07,R,33,,24,H,33934
2018-02-28,2018-01-07,R,33,,25,H,29596
2018-02-28,2018-01-07,R,33,,26,H,24931
2018-02-28,2018-01-07,R,33,,27,H,26599
2018-02-28,2018-01-07,R,33,,28,H,35483
2018-02-28,2018-01-07,R,33,,29,H,46045
2018-02-28,2018-01-07,R,33,,30,H,56004
2018-02-28,2018-01-07,R,33,,31,H,71532
2018-02-28,2018-01-07,R,33,,32,H,86569
2018-02-28,2018-01-07,R,33,,33,H,106603
2018-02-28,2018-01-07,R,33,,34,H,108251
2018-02-28,2018-01-07,R,33,,35,H,126839
2018-02-28,2018-01-07,R,33,,36,H,149068
2018-02-28,2018-01-07,R,33,,37,H,158681
2018-02-28,2018-01-07,R,33,,38,H,186750
2018-02-28,2018-01-07,R,33,,39,H,198969
2018-02-28,2018-01-07,R,33,,40,H,220421
2018-02-28,2018-01-07,R,33,,41,H,222291
2018-02-28,2018-01-07,R,33,,42,H,236298
2018-02-28,2018-01-07,R,33,,43,H,257638
2018-02-28,2018-01-07,R,33,,44,H,267249
2018-02-28,2018-01-07,R,33,,45,H,273015
2018-02-28,2018-01-07,R,33,,46,H,282269
2018-02-28,2018-01-07,R,33,,47,H,283287
2018-02-28,2018-01-07,R,33,,48,H,305196
2018-02-28,2018-01-07,R,33,,49,H,297133
2018-02-28,2018-01-07,R,33,,50,H,311177
2018-02-28,2018-01-07,R,33,,51,H,305329
2018-02-28,2018-01-07,R,33,,52,H,305553
2018-02-28,2018-01-07,R,33,,53,H,310403
2018-02-28,2018-01-07,R,33,,54,H,310693
2018-02-28,2018-01-07,R,33,,55,H,294248
2018-02-28,2018-01-07,R,33,,56,H,288853
2018-02-28,2018-01-07,R,33,,57,H,282020
2018-02-28,2018-01-07,R,33,,58,H,282148
2018-02-28,2018-01-07,R,33,,59,H,272478
2018-02-28,2018-01-07,R,33,,60,H,259080
2018-02-28,2018-01-07,R,33,,61,H,236425
2018-02-28,2018-01-07,R,33,,62,H,235192
2018-02-28,2018-01-07,R,33,,63,H,215525
2018-02-28,2018-01-07,R,33,,64,H,205855
2018-02-28,2018-01-07,R,33,,65,H,193361
2018-02-28,2018-01-07,R,33,,66,H,184647
2018-02-28,2018-01-07,R,33,,67,H,174361
2018-02-28,2018-01-07,R,33,,68,H,157677
2018-02-28,2018-01-07,R,33,,69,H,156561
2018-02-28,2018-01-07,R,33,,70,H,156606
2018-02-28,2018-01-07,R,33,,71,H,149863
2018-02-28,2018-01-07,R,33,,72,H,132175
2018-02-28,2018-01-07,R,33,,73,H,131439
2018-02-28,2018-01-07,R,33,,74,H,128279
2018-02-28,2018-01-07,R,33,,75,H,135548
2018-02-28,2018-01-07,R,33,,76,H,132228
2018-02-28,2018-01-07,R,33,,77,H,136845
2018-02-28,2018-01-07,R,33,,78,H,134843
2018-02-28,2018-01-07,R,33,,79,H,144969
2018-02-28,2018-01-07,R,33,,80,H,153122
2018-02-28,2018-01-07,R,33,,81,H,151527
2018-02-28,2018-01-07,R,33,,82,H,161551
2018-02-28,2018-01-07,R,33,,83,H,177682
2018-02-28,2018-01-07,R,33,,84,H,186967
2018-02-28,2018-01-07,R,33,,85,H,196862
2018-02-28,2018-01-07,R,33,,86,H,204866
2018-02-28,2018-01-07,R,33,,87,H,226398
2018-02-28,2018-01-07,R,33,,88,H,226844
2018-02-28,2018-01-07,R,33,,89,H,227674
2018-02-28,2018-01-07,R,33,,90,H,238620
2018-02-28,2018-01-07,R,33,,91,H,237289
2018-02-28,2018-01-07,R,33,,92,H,253099
2018-02-28,2018-01-07,R,33,,93,H,243932
2018-02-28,2018-01-07,R,33,,94,H,238569
2018-02-28,2018-01-07,R,33,,95,H,233875
2018-02-28,2018-01-07,R,33,,96,H,236116
